model_name,stage,stage_index,epoch,epoch_in_stage,learning_rate,encoder_lr,head_lr,loss,accuracy,val_loss,val_accuracy,val_macro_f1,val_weighted_f1,grad_norm,epoch_seconds,cumulative_seconds,is_best,val_HATE_precision,val_HATE_recall,val_HATE_f1,val_OFFENSIVE_precision,val_OFFENSIVE_recall,val_OFFENSIVE_f1,val_CLEAN_precision,val_CLEAN_recall,val_CLEAN_f1,val_macro_roc_auc
sensitiveai-vi,single,1,1,1,1e-05,1e-05,1e-05,0.589981,0.741246,0.415615,0.84506,0.483729,0.812733,6.770686,697.348,697.353,1,0.477204,0.581481,0.524207,0.0,0.0,0.0,0.896714,0.959361,0.92698,0.870971
sensitiveai-vi,single,1,2,2,2e-05,2e-05,2e-05,0.369415,0.871372,0.403253,0.841317,0.640237,0.847221,6.923839,649.012,1366.586,1,0.525606,0.722222,0.608424,0.391509,0.391509,0.391509,0.943035,0.899543,0.920776,0.899873
sensitiveai-vi,single,1,3,3,3e-05,3e-05,3e-05,0.31705,0.888131,0.36124,0.855913,0.590139,0.836339,3.732778,648.086,2033.753,0,0.610063,0.359259,0.452214,0.556522,0.301887,0.391437,0.886572,0.970776,0.926765,0.912196
sensitiveai-vi,single,1,4,4,2.9e-05,2.9e-05,2.9e-05,0.271104,0.904683,0.450028,0.870509,0.685373,0.871362,9.708876,648.901,2698.158,1,0.583596,0.685185,0.630324,0.515789,0.462264,0.487562,0.943649,0.932877,0.938232,0.911459
sensitiveai-vi,single,1,5,5,2.8e-05,2.8e-05,2.8e-05,0.229353,0.920943,0.39241,0.875374,0.668993,0.869798,5.37118,651.118,3369.467,0,0.586667,0.651852,0.617544,0.583333,0.363208,0.447674,0.93125,0.952511,0.941761,0.922892
sensitiveai-vi,single,1,6,6,2.7e-05,2.7e-05,2.7e-05,0.187372,0.936538,0.441348,0.869012,0.663202,0.86711,4.114306,652.172,4037.199,0,0.594595,0.651852,0.621908,0.471591,0.391509,0.427835,0.937727,0.942009,0.939863,0.910323
sensitiveai-vi,single,1,7,7,2.6e-05,2.6e-05,2.6e-05,0.155254,0.95047,0.538994,0.851796,0.665992,0.858059,10.204186,653.474,4706.239,0,0.495261,0.774074,0.604046,0.511236,0.429245,0.466667,0.953668,0.902283,0.927264,0.912682
sensitiveai-vi,single,1,8,8,2.4e-05,2.4e-05,2.4e-05,0.133654,0.95729,0.545115,0.871632,0.684921,0.872491,0.540028,655.611,5377.439,0,0.619565,0.633333,0.626374,0.481651,0.495283,0.488372,0.942608,0.937443,0.940018,0.913938
sensitiveai-vi,single,1,9,9,2.3e-05,2.3e-05,2.3e-05,0.115657,0.965691,0.59422,0.878368,0.696085,0.87692,0.20632,658.097,6051.143,1,0.657258,0.603704,0.629344,0.519048,0.514151,0.516588,0.937218,0.947489,0.942325,0.904794
sensitiveai-vi,single,1,10,10,2.2e-05,2.2e-05,2.2e-05,0.096587,0.971388,0.697146,0.872754,0.666879,0.867677,1.506521,662.164,6734.605,0,0.658986,0.52963,0.587269,0.494845,0.45283,0.472906,0.925697,0.955708,0.940463,0.90519
sensitiveai-vi,single,1,11,11,2.1e-05,2.1e-05,2.1e-05,0.089495,0.974507,0.667819,0.864895,0.67318,0.867878,7.538897,665.839,7416.119,0,0.565916,0.651852,0.605852,0.470046,0.481132,0.475524,0.948228,0.928311,0.938163,0.912362
sensitiveai-vi,single,1,12,12,2e-05,2e-05,2e-05,0.072804,0.97929,0.793973,0.860404,0.67861,0.866798,0.035059,669.15,8100.98,0,0.568807,0.688889,0.623116,0.443548,0.518868,0.478261,0.955174,0.914612,0.934453,0.91802
sensitiveai-vi,single,1,13,13,1.9e-05,1.9e-05,1.9e-05,0.070953,0.98191,0.765951,0.875,0.673378,0.871266,0.022564,673.442,8790.204,0,0.583851,0.696296,0.635135,0.557143,0.367925,0.443182,0.937557,0.946119,0.941818,0.903294
sensitiveai-vi,single,1,14,14,1.8e-05,1.8e-05,1.8e-05,0.061601,0.983864,0.706582,0.876871,0.691888,0.876617,0.010984,678.963,9485.0,0,0.602649,0.674074,0.636364,0.529412,0.466981,0.496241,0.944572,0.941553,0.94306,0.904505
sensitiveai-vi,single,1,15,15,1.7e-05,1.7e-05,1.7e-05,0.057422,0.984197,0.836186,0.860778,0.675363,0.865599,0.034215,686.817,10187.746,0,0.549858,0.714815,0.621578,0.469484,0.471698,0.470588,0.952087,0.916438,0.933923,0.903714
